[
  {
    "title": "Jekyll",
    "image": "assets/images/partners/jekyll-mark.png",
    "url": "https://www.zerostatic.io"
  },
  {
    "title": "Netlify",
    "image": "assets/images/partners/netlify.png",
    "url": "https://www.zerostatic.io"
  },
  {
    "title": "Scss",
    "image": "assets/images/partners/sass.png",
    "url": "https://www.zerostatic.io"
  },
  {
    "title": "Mailchimp",
    "image": "assets/images/partners/mailchimp.svg",
    "url": "https://www.zerostatic.io"
  },
  {
    "title": "Github",
    "image": "assets/images/partners/github.svg",
    "url": "https://www.zerostatic.io"
  },
  {
    "title": "Algolia",
    "image": "assets/images/partners/algolia.svg",
    "url": "https://www.zerostatic.io"
  }
]